people_in_queue,avg_service_time_min,hour,day_of_week,arrival_rate_per_min,counter_efficiency,waiting_time_minutes
3,1.282,13,4,0.569,1.14,4.916
24,0.966,15,4,1.651,1.058,26.922
20,0.86,10,1,0.39,0.936,19.614
14,1.001,16,5,1.306,1.111,13.658
13,0.822,20,4,1.543,0.88,15.354
26,0.949,9,5,1.552,1.121,29.014
3,0.885,12,3,0.542,1.056,3.269
21,2.209,17,6,0.311,0.889,53.812
7,0.991,16,2,1.008,0.878,7.571
3,1.34,16,5,0.564,1.113,4.566
16,1.18,15,1,1.459,0.953,23.949
30,1.065,16,1,0.842,1.161,32.884
23,0.818,15,3,1.009,1.117,21.099
23,0.809,8,3,0.404,1.094,18.307
22,1.641,17,5,1.222,0.948,42.085
24,0.99,13,2,0.534,1.098,27.75
16,0.976,8,6,1.422,1.182,15.461
4,1.511,13,2,0.328,0.882,8.149
26,2.167,13,3,1.957,0.964,66.809
14,2.585,9,6,1.432,0.932,42.613
16,0.953,20,3,0.527,0.988,18.201
12,1.265,10,4,0.225,1.11,15.206
6,0.808,12,6,0.802,1.016,6.493
28,1.301,13,6,0.475,1.05,40.235
24,0.813,18,3,0.593,0.96,25.521
20,1.388,17,2,1.771,0.899,34.556
13,0.94,18,1,1.286,0.943,15.594
25,2.346,11,3,0.518,1.151,53.008
17,1.177,18,6,1.202,1.061,23.379
14,0.933,18,3,0.66,0.982,17.109
14,0.846,14,2,1.957,1.126,16.065
7,0.917,15,0,0.259,0.873,11.126
3,2.609,8,2,1.518,0.939,8.823
17,1.459,17,1,1.591,0.931,28.538
27,2.539,20,6,0.321,1.195,63.535
2,2.23,14,3,0.509,1.097,6.789
26,1.044,15,0,0.892,1.066,30.431
25,1.008,14,0,1.763,0.852,35.935
9,0.956,9,5,1.167,0.915,10.688
19,0.886,16,6,1.38,1.072,17.881
5,0.985,17,5,1.609,0.983,5.629
23,0.934,20,0,1.691,1.173,25.63
22,2.538,20,0,1.057,1.118,55.495
11,1.782,14,1,1.116,1.007,23.656
3,1.099,20,5,1.492,1.112,3.585
30,0.891,14,5,0.674,1.191,29.282
14,2.824,16,5,1.738,1.011,41.671
27,1.23,15,0,0.237,1.075,34.279
21,1.042,20,1,0.552,1.172,21.769
24,2.655,17,6,1.64,0.937,71.895
23,1.406,9,6,0.812,1.16,30.636
6,0.865,8,5,0.47,0.884,7.561
11,1.048,13,0,0.536,1.077,14.994
15,1.773,14,0,1.155,1.124,26.32
15,0.895,16,0,1.723,1.065,15.144
2,1.508,14,4,0.327,1.023,5.502
17,0.894,14,5,0.255,1.066,16.959
5,1.615,19,4,1.037,0.903,11.718
23,1.135,12,1,1.921,0.925,35.259
21,1.414,14,5,0.702,0.944,36.887
28,1.674,15,0,1.927,1.059,54.061
23,0.871,14,5,1.798,1.005,25.547
11,1.927,20,6,0.71,0.936,26.002
30,2.346,20,5,1.671,1.159,70.528
13,1.52,14,6,1.435,0.981,23.926
10,1.004,13,4,1.121,1.006,13.896
28,0.929,15,3,0.961,0.993,33.001
12,0.801,10,2,1.668,0.914,12.298
3,1.621,13,6,1.628,1.106,6.898
15,1.394,10,4,1.562,1.007,20.83
24,2.114,9,1,1.997,0.856,64.541
6,1.153,9,6,1.061,1.187,5.734
14,0.801,15,0,1.652,1.136,12.664
4,1.02,8,4,1.752,1.103,5.548
21,1.129,16,1,0.581,1.154,22.723
15,1.422,13,4,0.276,1.167,20.578
10,0.852,12,2,0.929,0.968,11.035
7,1.254,18,3,1.742,1.064,11.496
17,2.123,15,4,0.72,1.063,37.829
21,1.473,17,5,1.46,0.944,35.244
29,2.436,17,2,0.213,0.928,79.402
14,1.88,8,6,0.84,0.89,31.307
5,2.733,10,3,1.308,1.081,11.425
25,1.319,15,1,0.434,1.123,33.928
19,1.086,20,0,1.814,1.116,23.099
22,1.518,10,1,0.481,0.961,36.478
3,1.373,9,4,1.838,0.922,4.458
10,0.824,20,3,0.59,1.009,10.766
24,0.974,20,2,1.99,1.041,31.497
25,1.195,10,3,1.289,1.172,29.535
14,1.65,13,5,0.352,1.156,22.635
25,0.864,16,4,0.317,1.171,22.634
26,1.781,10,0,0.335,1.148,42.545
12,1.556,12,0,1.262,1.188,20.564
27,0.856,13,3,1.657,1.013,30.653
9,1.21,16,2,0.925,0.867,14.834
8,0.982,12,5,1.001,0.879,12.253
21,1.134,13,4,1.261,0.987,29.286
20,1.066,11,5,1.159,0.94,24.972
5,1.614,17,4,1.439,0.909,8.889
25,1.763,9,2,1.049,1.184,41.153
6,1.562,10,4,1.485,0.918,11.725
25,2.041,11,4,1.995,1.186,48.764
1,0.88,19,5,0.831,1.116,2.569
24,1.653,20,1,0.222,1.074,40.63
24,1.169,14,4,0.426,1.087,31.034
24,0.941,10,1,1.196,0.966,28.276
20,0.947,17,5,0.82,1.076,18.818
15,1.343,14,5,1.892,0.915,25.678
22,1.284,19,4,1.329,1.178,29.662
9,0.803,12,6,1.137,0.956,11.756
24,1.045,20,3,1.636,0.939,34.368
17,0.923,18,0,0.665,1.099,16.06
14,0.86,10,4,1.676,1.08,12.794
16,0.944,17,5,0.206,1.008,14.417
18,1.936,11,0,1.315,1.071,34.172
2,1.168,12,0,1.883,0.906,6.325
5,2.264,11,1,1.618,1.086,9.794
8,1.067,16,5,1.737,0.945,8.686
4,0.827,11,3,0.915,0.945,3.044
14,1.232,16,6,1.684,0.907,21.171
21,1.352,15,6,1.191,0.966,34.69
20,2.616,17,3,1.313,0.966,57.161
15,0.824,20,4,0.306,1.009,15.674
26,2.259,8,2,0.563,0.917,65.655
17,2.584,20,0,1.192,0.918,52.569
3,1.75,9,2,0.306,1.04,4.842
23,2.445,14,4,1.535,0.895,69.56
18,1.316,12,1,1.712,1.091,24.992
20,1.228,16,1,1.857,1.18,24.278
17,1.584,17,0,0.383,0.999,27.679
17,2.526,19,5,1.891,1.165,42.462
3,2.22,13,6,0.322,0.884,8.181
17,1.437,20,5,1.053,0.865,31.694
24,2.472,12,2,1.712,1.102,59.632
10,1.022,10,4,0.327,1.116,9.872
19,1.865,12,6,0.233,1.145,34.242
1,1.608,14,4,0.245,0.87,5.027
11,1.419,16,2,1.12,1.122,14.417
14,1.379,18,2,1.661,0.982,24.365
30,2.845,10,5,0.429,0.956,94.518
7,2.218,11,3,0.424,0.911,15.81
9,0.888,20,5,1.223,1.199,10.098
13,2.848,13,6,0.622,0.872,45.956
30,1.239,11,0,1.514,1.139,39.013
26,1.265,20,5,1.909,1.074,37.509
2,1.539,13,2,1.579,1.107,5.881
8,1.355,20,3,1.779,1.099,11.919
25,0.95,19,1,1.135,1.15,26.506
2,0.903,19,2,1.698,0.914,4.211
26,1.711,15,2,0.529,0.85,58.076
9,1.562,18,0,0.323,1.059,14.937
28,1.76,20,5,1.381,0.974,57.575
9,1.279,11,1,0.294,0.893,13.186
14,1.036,8,2,1.806,0.915,18.783
20,1.8,12,1,1.445,0.966,44.142
4,1.544,16,1,1.914,0.875,6.317
17,0.842,15,2,0.765,0.87,19.783
16,2.54,9,6,1.075,1.171,35.114
24,1.308,15,6,1.535,0.959,40.083
30,1.01,10,2,0.637,1.194,29.058
20,2.06,14,3,1.175,1.188,38.469
13,2.547,15,6,1.387,0.9,39.705
13,2.108,16,1,1.962,1.1,26.879
13,0.85,13,6,1.54,1.06,14.311
25,2.791,13,0,0.413,1.092,68.916
10,1.925,16,1,1.056,0.884,22.623
6,2.644,17,2,1.26,0.916,16.729
11,2.224,18,0,0.464,0.877,30.969
1,1.101,12,5,0.978,1.061,3.068
4,1.762,13,5,0.711,1.195,9.17
3,1.16,12,2,0.414,1.085,4.668
24,1.135,14,5,1.122,1.099,29.0
22,0.897,9,5,0.498,1.195,18.37
21,2.823,13,5,1.263,1.087,60.556
14,0.894,10,5,0.505,0.864,15.203
22,1.102,14,4,1.502,1.153,26.489
5,2.014,19,0,0.551,0.978,11.739
28,0.956,20,6,1.813,0.852,41.591
16,0.893,13,4,0.247,1.028,15.293
29,1.728,8,6,1.14,1.178,47.273
5,0.85,10,6,0.776,0.94,5.343
15,1.318,9,1,0.605,1.022,18.392
21,1.12,17,2,1.049,0.911,29.476
15,0.809,20,1,1.716,0.87,18.565
14,1.481,15,0,1.847,0.878,28.483
5,0.924,10,6,0.746,1.104,4.985
12,1.571,8,6,0.478,1.152,16.671
8,0.935,20,6,1.496,0.9,10.312
10,1.123,12,6,1.248,0.951,14.679
21,1.836,9,4,0.562,0.918,42.8
19,1.384,10,3,1.569,0.859,33.666
19,1.573,11,6,1.134,1.044,31.329
11,2.379,16,3,1.376,1.095,26.442
29,2.654,19,4,0.847,1.077,78.517
3,1.511,11,1,0.99,0.986,5.668
11,2.724,16,5,0.525,1.044,28.887
4,2.004,8,5,1.562,0.883,9.149
11,0.997,8,4,0.483,0.904,12.987
29,1.013,8,3,1.601,1.176,31.091
11,0.985,20,1,1.636,1.117,13.391
28,1.574,15,0,1.544,1.173,44.57
15,0.869,18,4,0.235,1.171,12.619
21,1.131,8,4,0.692,1.077,24.524
14,2.158,8,5,1.043,1.175,27.679
8,2.086,19,6,1.272,0.996,18.686
23,1.027,9,3,1.855,0.851,33.012
30,1.978,10,5,0.876,0.872,72.67
8,1.24,14,5,1.775,0.888,14.316
24,0.805,15,1,0.494,0.883,27.588
8,2.828,10,5,0.868,0.973,24.532
22,2.74,13,0,0.294,1.095,59.268
24,0.804,16,4,1.536,1.127,23.294
14,1.141,13,6,0.471,1.057,17.017
23,2.154,12,4,0.663,0.901,58.556
9,0.864,8,6,1.595,1.112,7.492
3,0.875,13,0,1.162,0.974,4.746
3,1.201,18,3,0.225,0.855,4.152
14,1.099,16,5,0.204,0.948,16.274
28,1.678,19,4,1.119,0.966,55.176
4,2.529,9,6,0.749,0.946,11.637
14,1.13,8,3,0.525,1.134,14.851
22,1.625,15,4,1.304,1.116,36.795
7,1.056,10,2,0.611,1.093,7.631
22,0.907,15,6,1.266,0.899,28.082
10,2.73,19,0,0.883,1.133,26.112
25,1.128,12,1,0.536,1.087,30.332
18,1.792,15,0,0.449,0.918,35.766
17,0.88,16,4,0.626,1.077,13.761
6,1.729,9,1,0.254,1.019,9.633
14,1.111,19,2,0.755,1.004,18.414
26,1.179,10,5,1.824,0.889,39.414
1,1.415,18,2,1.696,1.031,3.046
23,1.042,16,1,0.87,0.885,28.824
15,0.997,9,0,1.237,0.907,18.114
22,1.162,17,1,1.221,0.896,32.063
20,0.968,10,6,1.692,1.184,19.929
13,0.81,15,3,0.625,0.95,13.745
10,1.375,20,6,0.733,0.974,15.311
19,1.23,20,1,0.743,0.963,27.093
5,2.768,19,2,0.274,1.164,13.631
18,0.938,14,1,0.766,1.047,18.861
3,1.222,15,2,1.78,1.172,5.624
20,1.394,11,3,1.842,0.955,33.932
19,2.301,19,5,0.397,0.89,52.689
3,0.869,14,2,1.025,1.045,3.853
23,1.417,18,5,0.886,0.971,39.068
13,1.037,12,4,1.081,1.131,15.623
24,2.064,17,2,1.198,1.158,45.866
2,0.823,10,6,0.236,1.015,2.422
6,1.958,17,3,1.716,1.19,10.554
15,1.888,8,1,1.953,1.044,28.216
6,0.89,9,6,1.376,0.945,6.725
10,0.854,12,6,1.389,1.021,11.667
20,1.849,14,0,1.15,0.863,46.975
5,1.294,17,6,0.802,1.131,6.005
21,0.99,12,6,0.468,0.886,26.367
4,0.877,8,5,1.251,0.958,4.61
6,1.447,12,1,0.281,1.048,10.38
18,1.227,13,4,1.684,0.865,30.097
24,0.983,15,3,0.958,0.878,32.531
6,0.992,16,4,0.947,1.094,4.858
9,0.948,11,4,0.789,0.875,9.514
28,1.159,15,4,1.945,1.017,38.773
30,2.251,16,3,0.515,0.969,74.482
18,0.859,18,4,0.472,0.93,18.226
14,0.886,14,3,0.498,0.916,16.213
11,0.936,18,0,1.385,1.117,12.77
19,2.273,10,0,1.985,1.183,40.321
18,1.873,17,6,0.624,0.899,37.31
9,0.981,8,6,1.83,1.186,8.705
1,2.697,9,4,0.702,1.058,4.108
5,0.812,19,1,1.366,1.075,7.868
29,1.45,14,5,0.273,1.098,44.565
13,1.003,16,1,1.092,1.096,13.327
15,0.87,15,2,1.378,1.137,14.234
15,1.418,17,2,1.165,1.019,22.916
24,1.569,11,0,0.628,1.037,38.895
2,1.114,10,5,1.691,0.963,3.087
3,1.146,8,3,1.946,0.887,3.773
9,1.392,19,2,1.027,1.083,14.158
15,1.122,10,3,1.345,0.862,21.284
21,0.839,15,0,1.623,0.946,24.314
15,1.297,13,3,0.635,0.883,25.243
14,1.897,10,3,1.756,0.917,30.419
29,1.45,13,2,0.704,1.074,44.354
5,1.419,9,5,1.596,1.07,8.732
18,2.137,10,1,0.402,0.997,41.382
17,2.014,9,0,0.719,0.882,40.214
15,1.035,18,3,1.161,1.002,17.701
25,1.525,15,6,1.145,0.973,44.521
9,0.827,20,2,1.731,1.102,10.456
29,1.757,13,0,1.993,1.053,58.978
10,2.278,10,6,0.393,1.022,21.509
17,0.973,15,3,0.688,1.02,19.028
16,0.875,20,1,0.844,1.188,15.038
26,1.666,14,4,1.062,1.115,45.842
14,1.88,8,2,1.089,1.024,26.617
9,1.934,11,6,1.741,1.018,16.945
1,1.22,20,2,1.587,0.859,4.106
11,1.296,14,3,0.234,1.18,15.301
25,1.714,20,3,1.019,0.962,50.265
1,2.56,14,1,1.313,0.94,5.194
27,1.277,8,3,1.029,1.2,32.773
17,0.824,19,0,0.435,1.102,14.549
5,1.067,17,4,0.915,0.867,7.446
10,1.256,17,5,0.941,0.872,15.515
17,2.224,20,6,0.538,0.859,47.192
10,1.733,10,2,1.561,1.06,18.948
4,1.625,19,1,0.779,0.875,8.729
20,0.963,11,3,1.26,1.177,18.389
21,0.878,20,4,1.128,1.178,20.44
4,0.861,10,6,1.779,1.041,3.369
9,0.809,15,0,0.42,1.066,9.838
8,0.81,18,1,0.406,0.952,8.899
20,0.828,9,1,0.741,0.872,19.774
22,2.412,8,1,0.976,1.108,50.659
22,2.11,19,3,0.737,0.886,56.857
29,1.603,8,6,1.574,0.88,60.056
24,1.18,15,0,0.641,0.959,34.613
10,2.287,20,5,0.353,0.854,29.464
4,0.9,15,4,0.945,1.002,6.183
19,1.105,14,4,1.592,1.098,23.625
28,1.193,13,4,1.731,1.13,37.285
30,2.005,16,0,1.52,1.062,63.57
7,1.73,15,5,1.204,1.146,12.94
8,2.023,14,1,1.504,0.992,20.794
2,0.895,9,3,1.427,1.147,2.998
5,1.142,16,4,0.622,1.027,6.376
17,0.989,17,4,1.191,0.928,20.068
17,1.622,17,2,1.587,1.18,25.442
12,1.462,8,2,0.771,0.946,18.142
10,1.4,17,3,1.377,0.859,17.2
25,0.967,17,0,1.067,0.935,29.835
14,0.957,10,5,1.106,0.978,15.137
25,1.865,19,0,0.362,0.973,52.822
29,0.835,14,3,1.399,1.034,32.257
10,2.181,14,4,1.758,1.159,21.597
7,0.865,17,0,0.455,0.952,5.996
29,2.271,14,6,0.859,1.032,71.846
20,1.7,15,2,0.288,0.969,38.749
9,0.899,12,0,0.253,1.138,8.946
19,1.955,20,4,1.981,0.905,46.199
16,1.385,20,3,1.088,0.886,28.299
28,1.325,9,4,0.84,1.026,40.561
8,1.752,17,5,0.695,1.085,13.787
30,1.011,8,3,1.964,1.128,36.87
29,0.896,12,5,0.654,1.056,31.033
6,0.879,20,2,1.506,1.121,8.027
5,1.526,10,3,0.711,0.987,6.492
16,1.208,12,1,0.327,0.862,24.419
2,1.743,10,4,1.43,0.891,5.25
9,1.753,17,1,0.203,0.864,18.782
14,2.02,14,4,1.416,0.965,28.933
30,0.836,15,5,0.651,1.023,31.677
30,0.87,20,6,1.543,0.975,37.212
5,0.953,14,6,1.586,1.046,5.391
27,1.226,17,0,1.503,1.018,39.365
3,1.263,9,0,0.244,1.087,1.05
23,1.21,10,6,1.467,1.083,30.47
26,1.201,20,2,1.982,0.961,40.587
27,1.349,19,0,0.637,0.971,41.024
7,2.134,16,2,0.694,1.055,14.953
27,2.159,12,5,1.664,1.059,63.949
4,0.828,10,2,0.489,0.96,3.935
16,1.276,19,0,1.389,0.966,25.444
15,0.828,18,5,1.559,1.093,14.863
10,2.011,11,1,0.267,1.077,17.219
1,1.178,15,2,1.197,0.897,4.031
24,1.862,16,0,1.237,1.004,49.952
11,1.731,14,4,0.746,1.162,20.049
20,2.652,20,3,1.777,0.863,65.04
13,2.188,9,6,0.493,1.149,23.897
12,0.851,11,2,0.856,0.907,11.317
27,1.564,9,1,1.728,1.028,45.645
3,1.114,17,1,0.543,0.999,3.518
23,1.301,16,1,1.678,0.854,39.756
23,1.408,20,3,0.342,1.17,30.255
12,1.207,15,0,1.081,1.009,18.085
8,1.929,9,2,0.336,1.184,13.787
1,0.807,13,5,1.42,0.95,2.469
29,0.92,9,5,1.623,1.153,29.506
29,0.983,16,4,1.73,1.173,29.31
8,1.296,16,6,1.966,1.045,10.878
1,2.051,19,5,1.41,0.921,4.346
4,0.848,12,4,1.584,1.09,5.773
3,1.521,12,6,1.11,1.042,6.987
25,2.531,8,0,1.843,1.181,59.253
27,1.519,13,5,1.359,1.004,47.817
5,0.939,14,2,1.79,0.944,7.947
23,1.098,17,5,0.624,0.898,31.419
6,0.975,17,6,1.094,1.095,5.783
12,0.94,9,3,1.514,1.191,11.207
18,1.849,11,0,0.565,0.86,39.355
22,0.846,14,2,0.58,1.109,20.229
27,1.344,12,2,1.96,1.174,39.848
2,1.081,8,6,0.982,0.876,2.125
6,2.84,18,6,0.527,0.889,21.78
9,0.804,17,3,0.797,1.092,7.223
10,1.659,14,6,0.915,1.077,17.865
30,2.464,12,3,1.322,0.874,92.442
24,1.312,18,2,1.861,1.142,34.179
10,2.145,8,5,1.976,1.033,20.864
30,2.053,13,4,1.373,1.168,61.393
15,1.088,18,3,1.46,1.157,18.063
16,1.421,20,3,0.779,1.134,23.808
14,0.848,11,4,1.743,1.031,12.989
5,1.569,16,5,0.592,0.938,10.307
29,0.996,10,3,0.391,1.027,31.451
1,1.307,9,0,1.952,0.885,0.845
6,1.059,12,0,1.755,1.081,7.83
7,1.124,19,1,0.747,0.897,9.63
9,1.289,16,3,1.415,1.029,13.678
4,0.83,14,4,1.041,0.869,7.387
1,1.519,11,5,0.782,0.955,2.194
21,1.963,9,1,0.716,0.931,45.406
30,1.041,11,5,0.445,1.067,34.977
4,0.9,9,4,1.189,1.125,3.262
9,2.589,10,0,1.004,0.87,27.263
16,1.325,16,2,1.122,1.148,21.204
28,0.867,9,2,0.588,1.151,25.499
21,0.976,8,6,1.889,0.97,27.038
23,0.805,15,6,1.349,1.081,23.085
18,1.207,11,5,1.819,0.991,24.194
13,1.059,13,3,0.397,0.904,17.096
6,1.607,9,3,1.321,1.035,8.288
26,0.831,10,2,1.729,0.88,29.904
25,1.471,13,5,0.796,1.157,38.148
1,0.986,16,0,0.551,1.174,1.423
22,1.403,13,1,0.677,1.138,31.341
3,1.169,15,0,0.691,1.047,4.62
23,1.002,14,3,1.005,1.045,27.358
25,1.238,11,2,0.787,1.195,30.134
4,0.857,11,1,0.688,0.937,4.269
14,1.375,13,2,1.367,0.877,25.639
4,1.073,8,6,0.295,1.047,3.476
18,1.519,16,3,0.813,0.965,30.291
28,1.394,15,5,1.442,0.963,45.451
3,1.34,11,6,0.517,0.852,5.186
12,2.159,12,6,0.598,1.059,29.356
30,2.312,12,2,0.561,0.942,78.583
10,1.052,16,6,0.202,0.916,11.43
4,1.064,17,6,1.053,0.864,5.254
15,1.056,9,6,0.27,0.978,16.118
16,2.719,13,2,0.691,1.158,41.397
20,1.553,8,1,1.991,0.968,36.204
10,1.894,13,4,1.853,1.088,21.031
29,0.952,11,6,0.587,1.115,29.597
16,0.889,12,6,0.758,0.965,17.732
9,1.748,13,3,1.035,1.138,19.438
29,1.051,12,1,1.72,1.092,36.796
28,2.144,13,2,1.645,1.046,65.765
15,1.673,17,4,0.427,0.85,28.489
1,2.106,18,3,0.424,0.862,3.987
18,1.652,8,2,0.95,1.197,27.253
17,1.045,12,2,1.766,1.124,19.003
5,0.855,19,0,1.788,1.178,4.403
20,1.879,14,2,0.393,1.166,35.389
26,1.194,10,4,1.234,0.857,42.002
4,1.019,15,1,0.48,1.127,5.808
22,0.828,9,6,1.435,1.008,21.298
5,1.112,8,0,1.85,1.126,4.005
23,1.725,16,4,1.019,0.852,50.088
13,1.095,14,3,0.35,0.951,17.934
1,1.566,17,5,1.243,1.113,0.5
29,0.814,12,6,0.935,1.128,28.876
5,1.409,19,3,1.66,1.067,9.956
18,1.034,13,4,0.813,0.955,23.674
6,2.696,17,4,1.775,0.959,18.252
28,1.408,9,3,0.693,1.188,37.823
23,0.879,9,1,0.484,1.004,22.751
25,1.112,18,3,0.752,1.006,33.658
13,1.334,18,1,0.263,1.043,17.26
15,0.839,20,3,0.706,0.993,14.161
20,0.894,12,4,1.388,1.043,21.194
24,1.563,8,1,0.456,1.001,39.71
26,1.19,20,1,0.4,1.139,32.346
1,1.264,15,5,0.438,1.168,3.41
20,1.088,11,2,0.34,1.176,20.551
4,1.537,17,1,1.774,1.048,7.47
9,1.755,19,4,1.899,1.005,18.303
25,0.854,11,5,0.284,1.097,21.99
8,0.846,18,5,1.568,1.143,8.162
24,0.902,18,5,1.527,1.047,26.931
14,0.813,14,6,1.994,1.095,14.915
7,0.98,16,4,0.826,1.112,3.561
11,0.963,11,2,0.714,1.087,12.548
16,0.965,20,6,1.016,1.111,17.704
23,1.278,20,1,1.742,0.923,37.761
19,1.314,20,2,1.511,1.024,30.66
28,1.766,17,5,1.049,1.056,51.371
27,1.075,8,6,0.64,0.851,37.861
23,1.638,12,2,1.509,1.15,38.365
19,1.718,13,5,1.738,1.064,37.074
9,1.14,20,6,0.92,0.895,14.027
13,1.391,15,5,1.403,1.136,19.514
4,1.828,14,0,0.92,1.101,10.02
12,0.922,9,4,1.061,1.115,11.466
28,0.889,18,1,1.145,0.987,32.238
13,1.996,12,5,1.596,1.149,27.246
4,2.803,9,0,1.96,0.995,14.181
20,1.533,20,6,1.0,1.05,33.585
29,0.937,10,1,0.816,0.85,36.693
27,0.905,8,2,0.872,1.076,26.998
9,2.107,9,1,0.441,1.101,18.719
14,0.955,13,5,0.734,1.048,15.038
16,2.202,9,2,0.356,1.024,34.618
8,1.426,18,5,0.97,1.133,11.305
9,0.801,14,0,0.501,1.088,7.917
8,1.911,12,3,0.824,0.947,18.198
30,2.047,8,6,1.628,1.186,58.646
23,1.369,14,6,0.643,1.098,34.711
26,1.102,9,1,1.301,1.196,29.143
25,0.841,20,2,1.822,1.19,24.234
29,0.811,11,2,1.22,1.172,25.005
4,2.423,14,3,0.549,1.114,12.111
27,2.109,8,3,0.821,1.063,58.585
2,0.942,9,0,1.263,0.91,2.297
15,1.685,10,5,1.112,1.04,25.231
18,0.872,8,1,0.468,1.118,15.732
11,1.056,17,2,1.004,1.032,11.241
5,2.219,20,5,1.178,1.154,12.439
6,0.91,20,4,0.681,0.888,10.516
25,1.966,11,2,1.302,0.983,54.516
10,1.368,18,6,0.326,1.027,14.879
10,1.181,14,2,0.806,1.001,14.805
28,1.249,8,3,1.648,0.888,45.148
5,1.034,9,1,0.667,0.904,4.73
28,1.067,15,1,1.289,1.143,34.148
28,0.805,13,3,0.938,1.02,29.705
18,0.8,8,3,0.77,0.867,17.443
5,1.227,20,5,1.849,0.856,9.571
5,2.295,17,2,0.818,1.016,10.76
9,0.995,14,6,0.626,0.908,12.183
18,0.814,20,4,1.837,1.097,17.492
5,1.571,20,0,1.543,1.128,8.669
14,1.307,20,5,1.427,0.93,24.979
4,1.366,11,4,0.289,1.057,5.679
17,2.523,19,2,0.436,0.904,50.56
1,1.047,14,3,1.349,0.956,3.998
22,1.497,17,2,0.577,1.161,31.074
2,0.945,19,4,0.606,1.04,3.541
6,0.91,10,3,1.602,1.16,5.721
6,0.918,13,3,0.715,0.929,8.032
25,1.379,9,1,0.329,0.966,38.517
2,1.564,11,2,0.266,1.015,3.432
13,0.977,13,3,0.998,1.018,15.164
18,0.933,19,3,1.311,1.199,16.703
16,1.262,19,2,1.764,0.89,27.083
21,0.867,13,4,0.399,1.148,19.09
25,2.085,12,1,0.554,1.152,48.402
12,0.876,14,3,1.154,1.044,13.64
25,2.291,19,0,0.855,0.97,65.352
10,2.048,20,3,1.069,1.032,24.985
30,1.204,10,5,1.863,0.952,45.052
16,2.434,10,5,1.181,1.13,35.507
23,2.516,17,4,0.947,1.024,58.474
27,2.853,11,5,1.981,1.174,72.336
24,1.346,10,0,0.317,1.068,32.551
26,0.955,8,2,1.878,1.03,29.281
17,2.622,13,4,1.103,1.099,43.91
2,1.067,13,5,1.107,1.026,2.476
15,0.917,15,4,1.86,1.167,16.853
6,1.995,10,5,1.113,0.915,12.93
27,2.074,17,1,0.989,1.191,51.384
8,0.889,16,1,0.69,1.134,5.429
7,0.917,14,0,1.386,1.151,7.826
8,1.198,10,4,1.225,1.019,9.934
20,0.92,14,4,0.586,1.143,19.52
18,2.307,16,1,1.477,0.957,45.932
29,1.418,12,5,1.359,1.117,46.034
13,0.986,11,5,0.915,0.899,15.869
9,1.719,14,2,0.208,0.957,19.175
2,0.974,12,1,1.004,1.006,5.398
1,1.244,13,5,0.211,0.963,3.822
12,0.975,12,4,0.335,0.985,14.166
28,1.302,11,1,0.975,1.137,37.648
16,1.468,17,1,0.347,0.94,26.405
27,1.827,13,3,0.696,1.111,50.75
4,1.86,14,3,1.38,0.876,9.629
3,0.974,16,1,0.756,1.118,2.038
26,2.188,12,6,1.996,1.127,58.374
4,2.34,9,2,1.849,0.991,10.742
2,1.966,19,2,1.254,1.103,5.747
13,1.969,8,0,1.941,1.17,24.916
28,0.917,15,6,1.762,1.13,32.343
21,1.411,11,1,0.774,0.987,33.164
3,0.806,10,6,1.549,1.019,3.827
26,2.112,8,3,0.446,1.123,50.902
26,1.066,19,6,1.432,0.952,36.511
25,1.327,13,1,1.084,1.131,34.683
28,1.421,12,1,0.23,0.965,44.776
8,0.879,17,5,0.694,1.132,6.397
30,0.814,8,5,1.92,0.88,36.548
10,0.881,15,3,0.768,0.866,13.204
25,1.912,14,0,0.527,1.199,46.475
18,1.822,15,6,0.538,1.154,31.352
24,1.063,9,2,1.063,1.159,27.762
19,1.639,20,6,1.717,1.183,31.342
20,0.989,11,6,1.564,1.003,22.734
19,1.163,16,5,0.986,0.95,23.85
24,1.182,17,4,0.576,0.896,35.291
23,0.913,12,4,0.283,1.025,23.79
5,1.011,9,3,1.033,0.927,5.282
25,2.674,11,0,1.667,1.177,63.02
17,2.535,18,2,1.513,0.851,55.713
10,1.122,19,5,0.935,0.9,16.23
16,1.27,20,5,1.27,0.936,24.999
30,1.712,10,3,0.985,0.92,61.162
26,1.376,15,4,1.242,0.929,45.037
26,0.969,9,0,1.132,1.08,28.391
14,0.914,17,3,1.426,0.965,16.262
24,1.169,13,3,1.114,1.065,32.317
12,1.435,17,6,1.893,1.162,18.42
21,1.685,16,2,0.97,1.061,36.533
20,1.22,20,1,0.229,1.093,24.975
8,1.579,14,2,0.625,0.978,16.064
8,1.166,12,1,1.101,0.906,14.536
2,1.043,14,3,1.173,0.962,6.154
5,2.442,10,4,1.194,1.187,11.829
14,2.849,9,5,1.486,1.068,39.051
15,1.848,14,6,0.694,0.947,31.91
5,0.866,18,0,1.397,1.008,7.372
13,1.073,14,1,1.467,1.142,17.246
19,1.981,18,2,0.94,1.084,38.796
7,0.869,10,1,0.924,1.046,6.738
11,1.294,13,5,0.522,1.16,14.776
12,1.285,15,0,0.945,1.085,16.815
16,0.839,12,0,1.616,1.075,16.41
11,2.478,8,6,1.836,0.916,31.483
23,1.839,8,6,1.269,0.887,52.813
10,1.14,20,1,0.739,1.188,11.973
14,1.901,15,2,1.428,1.06,28.769
12,1.04,11,3,1.532,0.995,13.228
6,1.843,11,3,0.798,1.056,11.496
21,2.277,8,6,1.688,0.872,59.666
8,1.865,20,2,0.333,1.138,16.786
9,1.369,9,0,0.219,0.926,13.649
24,1.966,17,2,0.421,1.132,44.533
29,2.122,11,3,0.481,1.037,63.072
21,0.889,12,3,1.782,0.947,25.948
28,1.567,11,3,0.965,0.861,55.913
26,1.482,18,6,0.695,1.136,39.435
15,2.502,8,5,0.972,0.912,42.446
24,1.489,12,1,0.911,0.868,46.817
10,1.7,11,2,0.743,1.115,15.58
14,1.112,11,4,0.448,0.973,16.289
17,1.87,10,2,1.381,0.986,35.641
29,0.87,19,2,0.446,0.936,35.163
26,0.843,12,1,1.596,1.151,25.275
15,2.274,13,1,0.563,0.954,37.287
20,2.239,13,5,1.516,0.924,52.547
7,2.204,20,5,1.65,0.958,18.929
25,1.102,12,5,0.426,0.921,35.312
17,2.175,12,2,0.356,0.961,41.485
16,0.895,12,0,1.909,0.879,20.892
23,0.972,12,1,1.033,0.905,30.316
19,0.919,9,2,1.334,0.996,19.192
3,1.214,15,3,0.242,1.158,4.985
9,0.802,8,6,0.702,0.87,8.782
6,2.566,10,6,1.11,0.924,15.759
23,1.406,10,0,1.795,1.168,31.2
2,1.559,11,4,0.689,1.162,1.785
7,0.831,17,2,1.595,1.088,6.927
18,1.151,15,1,1.392,0.934,26.394
21,0.93,20,3,0.407,0.997,23.569
16,1.987,12,0,0.728,0.924,35.683
26,0.812,20,2,0.628,0.895,27.575
28,1.252,8,3,0.997,0.983,40.989
4,1.259,14,1,1.344,1.052,4.718
29,0.817,18,4,0.98,0.976,32.406
19,1.444,14,3,0.64,1.064,27.368
20,1.413,20,5,1.453,0.954,35.213
3,1.141,12,1,1.252,0.971,5.026
19,2.149,8,0,1.135,1.127,39.164
22,1.565,18,3,1.198,1.157,37.743
18,1.909,8,1,0.599,0.963,34.507
3,2.258,17,4,1.425,1.05,7.418
16,0.885,17,0,0.898,0.947,14.474
29,1.136,18,4,0.854,0.869,45.036
22,1.486,14,6,0.47,1.108,33.145
5,1.393,19,0,1.274,0.91,10.282
29,1.354,10,2,1.285,0.999,44.225
29,1.087,13,5,0.813,1.02,38.233
6,0.845,9,3,1.748,0.915,5.076
25,0.841,17,1,1.722,0.883,30.111
13,1.424,17,1,0.396,0.972,19.09
18,1.547,18,5,1.451,1.183,26.362
14,1.323,17,6,0.909,1.065,19.838
24,1.161,12,2,1.999,0.983,35.616
30,1.306,8,3,0.605,0.864,51.54
24,1.061,20,5,0.705,1.06,29.964
28,1.178,14,1,0.996,0.882,43.394
29,1.566,9,1,0.684,1.04,47.926
3,1.512,20,5,1.446,1.113,6.532
8,1.448,20,1,1.066,0.998,15.658
22,2.298,13,5,0.598,0.955,57.393
18,2.002,18,3,1.111,0.867,45.347
2,0.999,8,6,1.8,0.859,2.435
3,1.428,9,0,1.626,1.001,4.627
16,1.841,11,6,1.098,1.159,27.995
19,1.168,16,1,0.719,0.935,25.064
6,0.971,9,0,0.524,1.051,5.439
6,1.719,8,5,1.781,1.09,9.814
4,0.914,16,3,1.478,0.871,4.171
17,0.844,18,5,1.23,0.904,18.291
1,1.127,17,0,1.783,0.966,0.634
18,1.05,18,0,0.419,1.085,21.385
15,2.517,18,3,1.428,1.004,41.144
14,0.833,15,6,0.59,1.107,13.826
21,1.422,14,2,0.417,1.154,27.104
16,0.846,19,5,1.038,1.115,15.981
22,1.148,12,6,0.897,1.197,25.528
23,2.824,9,6,1.894,1.114,62.598
28,2.6,17,3,0.783,1.148,67.805
24,1.039,11,4,1.667,1.141,26.104
16,1.168,20,3,1.548,1.106,18.968
15,2.675,13,4,1.402,1.131,39.997
8,0.981,19,3,1.857,1.177,10.076
18,0.895,8,3,0.934,1.016,16.92
5,1.255,16,3,0.901,1.073,5.337
28,1.3,13,4,0.49,1.03,39.608
26,2.817,14,5,0.696,1.148,69.468
4,0.945,11,6,1.784,1.001,5.8
24,1.544,20,4,1.054,1.137,38.301
4,0.877,13,0,0.814,1.13,4.119
22,1.458,19,4,0.589,1.187,31.274
3,1.165,13,2,1.073,0.937,5.938
15,1.685,8,0,1.49,1.098,25.583
20,2.022,19,0,0.716,1.115,40.466
22,0.955,10,4,1.564,1.178,18.9
13,1.255,11,6,1.334,1.167,15.851
28,1.201,19,3,1.618,1.051,39.217
24,0.82,19,3,0.652,1.053,22.176
7,0.822,19,0,1.336,0.909,8.908
21,0.893,13,4,0.477,1.191,19.66
22,1.927,17,0,0.855,0.939,46.172
11,1.13,12,5,1.504,1.104,15.221
23,0.877,17,5,1.337,1.129,22.27
27,1.456,14,6,0.538,1.004,44.582
25,2.268,8,1,1.745,0.924,65.817
23,0.926,13,1,0.296,0.916,26.162
20,1.276,14,2,1.271,1.15,27.656
9,1.166,11,5,1.971,1.029,10.256
24,0.81,12,1,1.157,0.882,28.742
11,1.115,14,6,1.641,1.101,14.441
16,1.365,8,1,1.271,0.938,24.839
10,1.464,9,0,1.61,1.157,12.408
10,1.378,17,1,1.38,0.958,15.348
5,2.19,12,5,1.444,0.92,15.032
29,0.939,15,4,0.61,0.88,35.908
5,0.906,15,2,1.535,1.029,7.464
3,1.65,15,4,0.628,1.008,7.144
29,1.604,13,4,1.965,1.113,50.526
17,0.88,14,3,0.61,1.013,18.366
14,2.691,18,3,0.626,0.97,39.549
23,1.222,20,0,1.746,0.942,36.621
12,1.303,11,1,0.637,0.947,18.578
4,1.03,16,3,0.85,1.175,5.074
22,2.012,20,0,1.486,0.908,54.724
6,1.051,8,3,0.486,1.196,5.235
17,1.451,18,0,0.486,0.964,27.671
29,1.103,14,5,1.075,0.881,43.274
29,2.59,20,0,0.639,0.937,86.881
11,1.306,15,0,0.624,0.87,18.33
24,1.219,18,4,0.217,1.127,30.578
19,1.842,10,1,0.867,1.029,37.486
15,2.102,9,2,0.773,0.968,33.451
5,1.924,20,2,0.256,1.082,9.788
12,1.516,14,1,1.318,1.071,19.043
20,2.288,15,5,1.328,1.179,44.132
30,0.832,10,4,0.327,1.186,24.758
1,1.4,10,1,0.771,1.088,2.137
22,0.928,18,4,1.771,1.136,23.597
26,0.815,11,4,1.248,1.127,24.14
29,2.366,15,3,0.942,1.022,73.931
13,1.068,12,4,1.037,1.097,15.078
4,0.882,11,6,0.575,0.877,3.842
9,1.086,10,3,1.661,1.115,8.882
26,1.358,20,2,1.845,1.187,39.393
27,1.355,20,3,1.839,0.88,49.724
20,2.616,9,5,0.603,1.143,47.828
4,1.203,12,4,0.759,1.177,5.85
4,0.804,15,0,0.489,0.929,4.67
15,0.825,12,3,0.753,1.034,14.658
18,2.588,17,5,0.799,1.175,41.8
1,1.015,11,1,1.34,1.186,0.5
21,1.609,8,6,0.541,0.895,38.634
17,0.86,12,5,1.855,0.972,19.703
1,2.56,15,5,0.386,1.094,4.819
3,0.839,10,0,0.212,0.928,4.242
14,0.906,18,4,1.739,0.964,17.428
22,2.194,8,3,1.467,0.858,60.412
25,2.476,8,4,0.84,0.904,72.576
13,0.908,14,5,1.272,1.047,13.562
9,2.04,14,2,0.602,1.079,18.59
30,1.203,11,3,0.503,1.077,36.732
14,0.852,11,4,1.048,1.122,10.598
10,1.162,8,5,0.836,0.995,13.057
14,1.413,16,5,1.307,0.946,22.649
1,1.332,12,2,0.593,0.855,3.677
10,2.458,9,6,1.393,0.922,25.433
16,0.818,13,0,1.58,0.959,19.522
28,1.588,20,3,0.5,0.912,53.56
23,1.921,11,4,0.279,0.857,55.176
24,1.646,19,0,0.991,0.905,47.751
17,0.821,11,3,1.593,1.083,14.322
4,2.3,10,4,1.371,1.07,7.05
12,0.885,11,4,1.463,1.177,10.745
30,1.013,12,0,0.925,1.129,33.141
2,0.912,9,1,0.623,1.049,0.872
27,0.814,15,1,1.157,0.898,29.989
21,0.903,12,4,0.568,1.047,22.5
9,0.834,17,2,1.507,0.872,10.338
24,2.154,14,4,0.555,1.001,57.851
26,0.938,13,5,0.724,0.987,29.606
2,1.189,14,5,1.112,1.0,4.753
4,1.192,10,1,1.076,0.948,4.212
20,0.863,17,6,1.282,1.09,18.079
30,0.817,9,1,0.987,1.144,26.31
1,1.016,17,0,1.855,1.119,1.474
20,1.274,20,0,1.712,1.07,29.982
5,1.314,17,1,1.782,1.038,7.934
20,1.433,13,6,1.333,0.861,37.172
19,1.481,12,1,1.343,1.103,30.692
3,1.424,19,4,1.297,1.041,6.376
21,2.321,11,2,0.983,0.945,53.708
27,2.383,14,0,0.78,0.965,71.98
26,0.951,18,3,1.266,1.177,27.121
1,1.331,19,0,0.246,1.069,4.833
8,0.842,19,3,0.213,1.017,9.04
8,1.11,9,3,1.733,1.067,9.585
14,2.62,19,3,0.284,0.995,38.955
5,2.033,9,1,1.145,1.015,12.681
26,1.868,15,5,1.307,0.952,58.94
24,0.814,20,4,0.557,1.004,23.384
25,1.829,16,1,1.812,1.09,47.073
6,1.228,20,3,0.542,0.864,10.597
1,0.839,12,0,1.792,1.128,3.018
28,0.813,12,6,1.573,0.949,31.39
9,1.777,12,5,0.633,1.089,17.539
20,2.537,12,2,0.471,1.075,51.758
28,2.048,16,4,0.769,1.078,56.219
2,2.457,13,4,0.916,1.063,5.755
1,1.903,17,4,0.642,1.186,1.221
1,1.16,13,0,1.998,1.028,2.896
5,0.854,12,6,0.613,1.106,7.903
2,1.2,10,6,1.695,1.097,3.36
25,1.095,15,6,0.486,0.933,34.918
19,1.881,19,6,1.964,0.949,42.648
30,0.934,19,6,0.606,0.998,34.265
25,1.104,11,5,0.959,0.947,31.493
29,0.887,14,0,1.205,0.978,34.534
8,0.831,17,3,0.417,0.987,7.442
9,1.508,15,1,1.67,1.061,17.148
26,2.317,8,1,0.694,0.927,68.254
8,1.807,15,5,1.189,1.132,15.411
2,1.344,8,5,1.189,1.003,3.023
21,0.833,9,3,1.285,1.097,19.646
25,1.448,16,5,0.3,0.879,42.241
30,0.958,9,0,0.504,1.014,33.204
28,1.196,12,1,0.49,0.86,44.51
4,1.944,15,6,0.744,1.087,8.44
24,1.566,16,3,0.461,0.97,39.238
26,1.066,13,3,1.859,1.182,31.194
21,1.046,9,3,1.123,0.963,26.75
25,1.349,18,1,1.322,1.047,40.103
26,1.799,20,5,0.843,0.94,55.837
14,1.0,19,5,0.697,1.067,17.671
2,1.992,17,4,1.106,1.013,4.07
14,0.838,13,2,0.73,0.98,15.653
7,1.926,19,4,0.819,0.921,16.689
4,2.239,14,6,1.015,0.889,11.937
4,1.253,9,4,1.11,0.892,5.366
21,1.223,19,3,1.972,1.2,25.618
16,1.239,12,1,0.602,0.994,23.86
17,1.346,20,3,1.078,0.851,29.786
23,0.803,12,2,0.469,1.184,18.997
17,1.27,19,4,0.83,0.857,27.252
19,1.282,14,0,1.491,0.997,28.772
3,1.371,14,1,0.514,1.101,7.445
26,2.438,11,5,1.246,1.17,60.654
14,1.132,18,2,0.95,1.1,15.979
5,1.801,8,3,0.293,1.012,8.695
25,1.082,14,3,1.88,1.191,29.298
23,2.527,12,3,0.944,0.864,73.162
2,0.811,15,5,1.611,1.195,3.872
6,1.295,11,1,0.949,1.147,6.656
1,0.864,16,5,1.887,1.175,0.952
9,1.285,13,1,0.723,0.939,14.408
3,2.473,10,2,0.942,0.9,9.925
22,0.917,10,4,1.566,1.082,22.9
16,1.071,17,6,0.819,1.031,18.285
30,0.949,11,1,0.856,1.033,30.216
23,1.36,11,4,1.991,1.174,31.503
19,1.082,16,0,1.2,1.067,23.217
16,0.892,12,0,1.441,0.959,19.928
2,1.089,13,5,1.358,0.99,2.756
3,1.509,11,5,1.69,0.897,5.17
19,1.057,12,2,1.751,0.917,25.719
1,1.047,17,4,1.214,0.9,2.801
2,0.823,14,2,0.73,1.134,3.789
7,1.462,20,1,0.241,1.097,10.778
27,1.365,18,3,1.306,1.036,42.69
14,0.925,8,2,1.686,0.981,12.744
22,1.242,12,5,1.011,1.084,29.009
13,0.987,11,2,0.496,1.135,11.862
6,1.309,15,2,0.719,1.158,9.888
12,1.838,11,3,1.118,1.041,20.509
3,0.98,20,5,1.706,1.137,4.652
24,2.137,11,1,0.509,1.029,53.221
6,1.891,14,6,1.302,1.016,12.487
12,1.094,9,3,1.556,1.153,13.086
30,0.978,19,4,1.885,0.985,39.362
18,0.866,19,6,0.41,0.989,19.895
14,1.68,18,3,1.868,0.957,28.465
17,2.224,12,1,1.283,1.032,40.241
24,0.826,8,5,1.58,1.041,24.355
8,2.045,17,0,0.297,1.081,14.129
20,1.894,13,3,1.111,1.001,41.939
27,1.633,20,6,1.321,0.926,54.308
18,1.21,17,2,0.752,1.153,19.842
14,0.874,15,4,0.977,0.971,16.454
5,0.967,20,3,1.198,1.173,7.098
8,1.013,18,1,1.195,0.923,10.873
29,1.97,13,2,0.275,1.046,60.123
17,1.488,8,3,0.991,1.038,27.068
10,1.281,9,0,0.585,1.14,10.957
13,2.072,13,2,1.85,0.899,34.027
18,1.678,15,2,1.958,1.168,30.488
17,1.594,8,5,0.739,1.036,27.099
21,2.153,9,0,0.515,1.055,42.991
8,1.183,17,5,0.595,1.029,10.853
20,1.016,17,2,1.06,0.863,25.049
14,2.422,8,4,1.774,1.024,36.02
29,1.277,14,3,1.1,0.942,46.05
5,0.949,9,2,0.3,0.97,4.448
5,0.977,17,6,0.272,1.077,5.737
14,0.923,18,1,0.609,1.024,16.192
16,1.327,19,0,1.717,0.883,28.446
21,0.919,15,5,1.319,0.876,27.685
13,1.765,16,4,1.213,0.915,26.075
28,1.482,20,6,0.774,0.917,51.49
15,1.966,15,3,1.873,1.063,31.393
4,1.297,13,0,0.796,0.912,8.758
4,1.423,17,0,1.703,1.159,4.833
30,1.764,15,3,1.813,0.923,68.002
5,0.974,18,1,1.07,0.882,7.666
29,1.581,14,6,1.81,1.157,48.614
9,1.679,19,0,0.698,0.953,19.038
3,2.138,8,6,1.385,0.999,6.774
10,1.342,8,1,0.358,1.186,11.34
19,1.606,9,0,1.053,1.181,27.671
13,1.466,15,1,0.591,1.1,20.736
24,1.778,17,1,0.313,0.874,50.324
19,0.964,10,2,0.207,1.058,17.776
13,0.842,10,2,0.785,1.196,9.981
20,1.253,19,3,1.261,1.181,26.506
30,1.077,17,3,1.019,0.887,41.771
13,0.885,16,0,0.743,0.989,14.033
5,0.801,14,0,1.984,0.96,6.821
13,1.108,13,1,1.891,0.895,19.846
26,0.869,8,1,0.426,1.093,23.4
7,0.856,10,0,0.947,0.946,5.683
29,0.941,19,2,1.368,0.971,35.114
18,1.307,12,3,1.52,0.882,30.406
19,2.364,17,2,0.859,1.024,46.427
10,2.746,17,2,1.543,0.905,31.53
28,1.283,12,3,0.423,1.001,40.89
2,1.258,10,3,0.797,0.9,4.027
9,1.395,16,2,1.49,1.184,13.077
13,1.161,9,1,1.326,0.901,19.265
15,1.181,14,2,1.707,1.033,20.431
15,0.907,19,0,0.284,0.919,16.695
5,2.233,17,3,0.514,0.877,14.574
7,1.809,17,6,0.287,0.921,14.133
3,0.94,9,2,0.546,0.869,3.135
18,0.898,10,0,0.208,0.899,18.938
11,0.803,11,4,1.108,1.023,10.518
17,0.881,11,0,1.151,1.078,14.936
18,0.869,10,1,1.384,0.881,19.952
22,1.58,20,1,0.893,1.004,40.014
17,1.405,10,6,0.206,1.053,21.917
20,1.691,17,6,1.413,0.932,39.066
18,1.116,15,3,0.298,0.98,21.928
20,0.837,15,4,1.759,0.875,23.555
19,1.515,10,4,0.241,0.927,31.154
10,1.175,11,4,1.155,1.013,12.945
8,1.622,15,3,1.811,1.197,13.71
24,1.989,11,6,1.23,1.199,43.098
11,1.902,17,5,1.295,1.193,18.729
17,2.487,8,0,1.427,0.998,43.262
6,0.83,8,2,0.42,0.878,6.26
13,1.403,17,6,1.415,0.963,21.429
16,0.909,16,2,1.785,0.933,17.79
19,1.038,8,1,1.954,0.855,26.11
16,1.913,19,6,0.997,0.883,38.264
11,1.969,8,4,0.82,1.009,20.368
29,0.925,20,3,1.556,0.969,36.537
16,1.7,17,2,1.177,0.913,34.086
25,0.853,20,0,0.663,1.101,24.347
23,2.101,20,2,0.51,0.975,53.635
17,1.042,12,3,0.506,1.148,18.782
27,0.923,17,6,1.027,0.934,32.63
4,1.78,10,2,0.506,1.038,7.897
28,1.671,14,1,0.235,0.914,54.241
26,0.821,11,2,0.294,1.023,23.976
16,1.7,14,6,1.874,0.903,36.828
23,1.357,19,3,0.331,0.907,38.846
16,1.353,13,2,0.332,1.064,21.721
9,1.731,9,4,1.012,0.942,17.514
24,0.954,12,4,0.641,0.91,28.73
8,0.957,18,2,1.933,1.175,10.862
10,1.448,14,6,1.84,0.865,19.353
16,0.908,15,4,0.929,1.048,17.117
26,1.846,13,0,1.008,1.042,51.385
12,2.826,11,2,0.875,0.938,36.511
15,1.157,15,6,0.268,1.008,20.874
2,0.803,16,2,0.727,0.881,2.034
4,2.599,19,3,0.421,1.102,11.061
2,1.862,16,4,0.384,0.928,3.044
3,1.224,20,4,1.21,0.918,4.607
27,0.927,18,6,0.378,0.96,30.001
26,2.325,9,1,0.385,1.166,54.75
25,1.417,13,3,1.065,1.129,38.146
2,0.978,13,3,0.996,1.181,3.311
3,1.461,8,1,0.448,1.078,5.587
9,1.923,10,4,0.208,1.082,15.501
17,1.901,17,0,0.547,1.018,32.281
11,1.391,12,3,0.625,1.167,14.689
15,1.28,9,2,1.64,1.029,21.517
6,0.888,11,1,1.848,0.974,8.246
22,1.078,11,5,0.931,1.074,23.123
10,1.029,10,1,0.929,1.041,10.32
2,0.81,9,1,1.482,0.893,3.189
23,1.388,17,5,1.328,0.987,34.713
28,1.402,18,6,0.531,0.96,47.121
1,0.847,14,0,0.394,1.146,3.869
14,1.75,16,1,0.988,0.983,26.117
25,0.993,19,4,1.217,1.138,28.507
22,0.972,18,5,0.45,1.005,26.651
26,2.283,8,6,0.728,1.114,58.566
13,1.296,20,3,0.751,0.897,21.505
12,1.885,8,0,0.67,1.174,19.438
22,1.935,8,6,1.029,1.018,43.79
5,1.303,13,1,1.376,0.941,10.354
8,1.638,17,0,1.117,0.935,13.503
19,0.938,9,4,0.563,0.943,19.775
21,0.857,11,4,0.385,0.978,19.885
4,0.932,11,0,1.679,1.101,3.472
16,1.697,13,1,1.063,1.182,26.57
11,1.676,20,4,0.312,1.084,21.586
16,1.726,12,1,0.665,1.042,29.262
29,2.121,10,4,1.647,1.007,67.253
3,0.834,9,2,1.553,1.14,3.481
30,1.405,10,4,1.776,1.147,44.21
14,1.811,9,3,1.284,0.953,29.348
24,0.899,15,2,0.961,1.184,23.727
13,1.41,13,2,0.968,0.988,21.329
10,2.621,14,4,0.549,1.13,24.024
24,2.017,18,3,1.371,1.188,45.413
21,1.081,15,4,1.253,1.096,23.905
5,0.948,10,4,0.479,0.907,5.763
22,1.852,12,1,1.794,1.055,43.555
23,0.851,12,6,0.863,0.892,27.911
12,0.896,18,3,0.29,1.126,11.854
28,0.898,11,5,0.79,0.948,30.562
20,1.802,9,6,1.766,1.093,35.532
11,2.529,17,6,1.851,1.169,25.991
1,0.884,13,4,1.083,0.913,2.331
21,1.599,9,5,1.921,0.988,37.104
7,1.103,16,3,1.775,1.076,9.233
23,0.967,10,5,1.685,0.997,26.984
16,2.148,19,2,1.747,0.911,41.75
15,0.95,18,4,0.887,0.86,20.207
5,0.837,12,0,1.562,0.992,6.85
22,0.994,15,6,1.239,1.077,25.836
5,1.339,15,1,1.495,1.051,8.231
13,0.878,16,4,0.52,0.905,15.02
26,1.213,8,0,1.517,1.008,35.917
28,0.98,12,1,1.924,0.979,38.232
30,0.919,10,6,0.745,0.946,33.754
29,0.976,17,5,1.975,1.105,33.672
17,1.642,8,1,0.881,0.958,30.983
7,2.193,14,0,0.56,1.039,18.118
26,1.771,17,5,0.402,1.173,41.341
25,1.246,20,6,1.613,1.039,37.931
30,1.243,11,1,1.199,1.066,42.511
20,1.144,8,4,0.753,0.876,27.594
5,1.417,17,1,1.295,0.912,8.316
16,0.945,8,5,0.798,0.885,17.628
14,0.853,8,2,1.007,1.118,11.505
26,1.748,20,0,1.753,1.143,48.965
12,0.987,19,2,1.403,0.915,15.387
10,1.041,17,3,1.572,0.927,11.648
3,1.218,18,5,1.25,0.963,7.545
26,1.924,8,0,1.985,1.057,54.028
23,0.938,9,6,0.635,1.068,24.541
2,0.823,11,4,0.672,1.09,1.212
14,1.0,8,6,0.367,1.167,12.527
15,0.85,19,6,1.197,0.953,16.222
15,0.809,8,1,1.304,1.081,12.927
28,1.5,15,0,1.507,1.046,46.424
5,1.082,19,5,0.804,0.957,8.59
10,1.288,17,1,0.222,1.168,11.498
6,0.808,11,1,1.338,0.883,6.077
8,2.302,14,3,1.998,1.099,19.68
28,1.387,15,6,0.73,1.105,40.476
29,0.879,17,5,0.531,1.17,26.411
2,1.651,13,3,0.707,1.032,4.261
19,0.944,11,1,0.966,0.963,20.818
7,1.44,18,2,0.652,1.14,13.076
6,0.812,19,4,0.825,1.12,8.082
9,0.873,14,1,1.349,1.025,9.283
6,1.61,8,3,0.821,1.119,8.545
15,0.959,14,0,0.913,0.944,18.711
30,1.531,19,2,0.272,1.056,49.07
18,1.116,20,1,1.852,1.153,20.839
22,1.061,13,4,0.932,0.961,29.266
15,0.912,9,6,0.791,1.019,14.36
1,2.688,15,1,0.356,1.183,6.024
3,1.824,18,5,1.342,1.129,6.94
9,1.009,20,4,1.755,1.16,12.143
8,1.167,8,6,0.274,0.985,8.512
26,1.256,11,6,0.461,1.199,29.28
26,2.502,14,0,0.464,0.903,77.62
26,1.507,9,5,1.284,1.032,43.636
20,0.886,19,4,1.858,1.018,22.024
17,2.647,9,0,0.988,1.129,41.205
20,1.415,16,1,0.819,1.168,24.793
13,0.833,19,6,1.579,1.106,13.269
21,2.527,16,3,1.537,1.069,53.7
24,0.976,17,2,0.644,1.0,25.775
23,1.719,11,2,0.489,1.029,40.356
19,0.885,18,5,0.844,1.028,18.869
2,0.979,13,1,1.596,0.857,3.956
22,0.872,8,1,1.451,1.026,23.827
11,1.837,12,4,1.399,1.15,20.875
23,1.207,12,6,1.693,1.098,30.751
17,0.951,14,1,0.699,1.128,16.996
27,1.751,11,1,0.811,0.987,50.478
11,1.793,14,3,0.276,1.035,20.386
28,2.67,13,1,1.764,0.862,96.448
26,0.825,12,4,1.248,0.984,28.256
10,1.011,17,1,0.737,1.016,12.242
15,1.085,11,0,0.325,0.939,17.624
16,0.981,17,1,1.502,0.861,20.118
24,1.207,11,6,1.548,1.092,31.586
21,1.284,19,6,1.399,1.002,29.608
26,1.325,12,3,0.567,0.995,39.976
12,1.079,8,2,1.844,0.937,15.543
16,1.882,9,5,1.556,1.038,32.33
13,0.87,18,1,1.384,1.003,15.582
28,0.925,19,4,1.372,1.016,32.059
10,1.505,10,4,1.828,1.053,16.865
18,1.148,15,4,1.871,0.852,28.715
4,2.097,15,1,1.272,1.168,8.776
26,0.816,9,5,0.95,0.875,28.411
12,0.86,13,4,0.855,1.008,12.88
11,0.848,17,6,1.674,0.923,12.965
18,1.541,20,1,1.36,1.033,31.108
15,1.991,19,4,0.339,0.948,34.095
26,1.85,9,5,0.456,1.151,45.544
16,2.32,11,1,1.82,0.989,40.86
16,2.183,13,5,1.792,1.074,37.533
4,2.414,9,0,1.913,0.937,12.196
1,0.806,15,5,0.97,0.857,3.566
12,2.4,8,4,1.611,0.991,30.747
30,2.131,9,1,1.691,1.038,69.773
28,0.914,8,0,0.768,1.011,29.446
19,1.147,11,5,0.462,1.187,19.338
19,0.955,17,1,1.995,1.097,21.368
12,1.09,10,3,0.254,1.198,12.613
6,0.874,20,0,1.275,0.953,8.107
1,1.082,11,6,1.37,1.126,0.662
11,1.22,8,3,1.427,1.044,15.418
10,1.009,12,6,0.66,1.064,12.727
6,1.329,17,1,1.499,1.195,7.674
8,1.512,9,1,0.59,1.079,11.298
1,1.297,8,4,1.692,1.165,1.548
19,1.989,19,4,0.594,1.104,37.366
28,0.937,15,5,1.454,0.895,36.496
21,1.71,12,6,1.61,1.095,38.381
14,2.048,17,5,0.54,1.02,28.973
13,1.749,18,0,0.628,1.172,21.724
10,0.903,12,2,1.602,1.132,12.066
5,1.545,15,6,0.355,0.886,12.017
18,1.034,8,3,0.543,0.897,22.401
17,0.892,11,6,1.02,0.874,18.486
1,2.381,15,3,1.874,1.023,5.159
13,0.963,10,0,1.211,0.878,15.583
9,1.595,20,3,0.898,1.103,14.547
6,1.835,20,5,1.961,1.043,14.1
22,1.031,11,4,1.035,1.143,22.803
16,0.856,13,0,0.981,0.948,20.031
20,1.625,10,1,0.941,1.032,34.812
22,1.16,14,5,0.762,0.891,33.623
30,1.637,9,6,0.786,1.16,47.463
25,1.178,13,5,1.438,0.911,39.093
19,1.099,15,0,0.274,0.886,25.341
